IB101,LIM,MIA,2026-02-27,02:10,686.97
EQ102,AMS,GYE,2026-03-11,08:20,342.36
IB103,MEC,UIO,2026-03-06,00:10,881.11
IB104,AMS,MIA,2026-02-25,03:20,325.23
CM105,GYE,MEC,2026-03-26,13:40,970.93
AA106,MAD,UIO,2026-02-06,07:00,565.53
AA107,UIO,MIA,2026-03-03,19:40,645.05
AV108,GPS,CUE,2026-02-15,17:10,356.60
IB109,AMS,GPS,2026-02-24,10:20,1015.52
DL110,AMS,UIO,2026-03-30,21:20,863.62
AV111,MAD,MEC,2026-02-25,14:50,1025.54
EQ112,UIO,MEC,2026-02-02,12:00,330.97
EQ113,GPS,BOG,2026-03-07,22:00,176.92
LA114,AMS,MEC,2026-03-04,05:30,633.93
CM115,AMS,PTY,2026-03-04,01:10,115.48
IB116,UIO,MAD,2026-02-15,06:00,296.79
IB117,AMS,CUE,2026-02-11,16:30,358.50
DL118,PTY,GYE,2026-02-26,00:40,113.14
LA119,MEC,BOG,2026-02-14,00:50,1011.61
EQ120,GYE,MEC,2026-02-12,11:10,330.86
LA121,UIO,MEC,2026-02-01,20:40,1061.10
AV122,LIM,MAD,2026-03-18,13:10,1037.42
CM123,MAD,MEC,2026-03-08,22:40,544.83
KL124,MIA,UIO,2026-03-05,07:00,335.24
CM125,GYE,MEC,2026-02-25,13:10,338.84
EQ126,UIO,PTY,2026-02-24,16:10,159.75
EQ127,UIO,BOG,2026-02-01,23:40,716.30
AV128,GYE,MAD,2026-03-04,02:50,149.77
DL129,GYE,LIM,2026-02-02,04:00,1126.94
EQ130,CUE,MIA,2026-03-22,23:00,186.74
LA131,GYE,MIA,2026-02-08,13:30,788.97
CM132,GPS,GYE,2026-03-21,23:20,289.95
AA133,BOG,MIA,2026-02-15,09:30,452.51
DL134,LIM,GPS,2026-02-24,05:20,110.51
IB135,MEC,BOG,2026-02-23,09:50,200.25
KL136,MEC,MIA,2026-02-27,15:30,659.20
IB137,LIM,GPS,2026-03-26,03:20,364.29
AA138,GPS,AMS,2026-03-03,14:30,911.42
DL139,GPS,PTY,2026-02-19,01:20,325.56
EQ140,MAD,CUE,2026-03-27,23:30,734.68
AV141,MIA,GYE,2026-02-15,19:20,169.88
IB142,GPS,CUE,2026-02-01,06:20,902.00
DL143,BOG,AMS,2026-03-09,01:30,146.05
DL144,MIA,UIO,2026-02-01,09:10,1012.87
DL145,PTY,CUE,2026-02-20,02:30,1020.87
KL146,MAD,BOG,2026-03-29,18:30,1168.85
AV147,UIO,MEC,2026-03-17,13:50,736.64
AA148,BOG,AMS,2026-02-08,11:00,731.66
EQ149,UIO,MAD,2026-02-02,12:50,948.37
LA150,LIM,UIO,2026-03-10,16:20,329.26
AV151,LIM,CUE,2026-02-13,17:00,420.66
IB152,MAD,UIO,2026-03-12,10:50,828.83
IB153,PTY,GYE,2026-02-15,10:20,657.28
IB154,CUE,MEC,2026-02-13,01:10,167.99
IB155,MIA,CUE,2026-03-10,13:50,97.12
EQ156,MAD,UIO,2026-03-13,20:40,692.31
LA157,UIO,MAD,2026-03-21,13:20,1066.41
AA158,MEC,MIA,2026-02-17,18:10,1149.70
AV159,MIA,CUE,2026-02-19,08:00,910.47
AV160,MAD,PTY,2026-02-13,03:10,1171.91
IB161,BOG,GYE,2026-02-19,01:50,972.81
AA162,BOG,GPS,2026-03-05,12:00,172.27
AA163,MAD,AMS,2026-02-22,14:40,333.53
KL164,LIM,CUE,2026-03-09,00:50,190.46
AA165,UIO,GYE,2026-03-09,09:00,947.05
AA166,MEC,AMS,2026-03-18,14:20,988.69
EQ167,GYE,BOG,2026-02-13,11:20,1067.33
CM168,GYE,MAD,2026-02-25,15:00,112.29
AV169,UIO,PTY,2026-03-25,16:30,1088.52
CM170,MIA,CUE,2026-02-21,13:40,424.31
IB171,AMS,BOG,2026-03-29,03:50,326.54
KL172,MEC,LIM,2026-03-26,12:00,1191.02
KL173,CUE,PTY,2026-03-29,07:00,730.43
KL174,AMS,MIA,2026-03-25,16:30,1064.24
AA175,PTY,AMS,2026-02-01,10:20,59.53
CM176,MIA,MAD,2026-02-14,06:00,1173.28
LA177,UIO,GPS,2026-03-12,06:10,301.16
DL178,MAD,GPS,2026-02-19,09:30,380.03
IB179,MIA,BOG,2026-02-06,12:40,79.34
LA180,MIA,GPS,2026-02-15,00:30,558.82
AA181,CUE,PTY,2026-02-13,10:30,113.52
DL182,MAD,AMS,2026-03-25,15:10,1074.87
EQ183,MIA,PTY,2026-02-24,22:20,455.74
DL184,MIA,GPS,2026-02-21,10:10,162.31
AV185,GPS,MEC,2026-02-15,04:10,596.48
DL186,MEC,BOG,2026-02-20,14:20,712.94
EQ187,UIO,MAD,2026-02-07,08:50,570.36
KL188,MAD,GYE,2026-03-05,21:10,777.36
CM189,UIO,AMS,2026-02-09,12:30,107.80
EQ190,PTY,MEC,2026-03-29,10:00,313.85
CM191,GPS,BOG,2026-02-14,20:00,227.49
AA192,LIM,PTY,2026-02-09,09:30,235.59
KL193,MIA,AMS,2026-03-23,05:00,68.86
IB194,CUE,UIO,2026-03-01,06:50,1092.73
DL195,CUE,PTY,2026-02-13,03:20,150.87
KL196,LIM,AMS,2026-03-04,07:30,89.11
LA197,MIA,GYE,2026-03-01,00:00,513.69
CM198,MIA,LIM,2026-02-22,12:40,379.63
EQ199,AMS,BOG,2026-02-25,08:30,487.49
AA200,GPS,AMS,2026-03-14,04:10,1022.41
AA201,GPS,MAD,2026-03-20,18:30,854.37
LA202,LIM,PTY,2026-03-27,06:50,451.39
AV203,LIM,MAD,2026-02-21,03:20,711.67
KL204,CUE,UIO,2026-03-14,21:20,518.33
EQ205,AMS,UIO,2026-02-16,18:10,383.61
IB206,GYE,GPS,2026-03-20,11:30,540.86
AV207,GPS,PTY,2026-02-09,00:10,263.12
LA208,MEC,PTY,2026-03-19,03:30,619.49
AA209,UIO,AMS,2026-03-22,20:50,965.50
DL210,CUE,LIM,2026-02-23,22:20,1061.85
AV211,GYE,BOG,2026-02-16,07:50,464.15
LA212,MAD,GYE,2026-02-26,12:50,281.44
DL213,GPS,MAD,2026-03-09,20:30,733.86
LA214,MIA,PTY,2026-03-23,05:10,494.19
KL215,MAD,UIO,2026-03-09,17:10,771.50
AA216,CUE,UIO,2026-03-27,00:10,386.17
KL217,MIA,MAD,2026-03-08,01:40,726.40
CM218,UIO,PTY,2026-03-17,12:20,1001.87
KL219,LIM,GYE,2026-03-19,04:40,481.50
LA220,BOG,GPS,2026-02-23,12:00,354.04
AV221,MEC,UIO,2026-02-25,18:30,986.59
LA222,LIM,UIO,2026-02-20,23:20,1055.24
DL223,CUE,LIM,2026-02-18,20:10,550.92
DL224,MEC,AMS,2026-02-27,21:50,1121.77
KL225,LIM,MIA,2026-02-09,13:50,432.83
AV226,LIM,MEC,2026-02-12,11:30,757.64
KL227,MIA,GYE,2026-03-12,06:00,712.72
KL228,PTY,GYE,2026-03-07,04:20,398.65
KL229,AMS,MAD,2026-02-17,18:30,531.59
KL230,BOG,MEC,2026-02-04,04:40,846.36
KL231,PTY,GPS,2026-03-04,18:40,622.99
AA232,AMS,CUE,2026-02-01,13:00,228.57
IB233,PTY,UIO,2026-03-29,16:30,380.93
KL234,GYE,CUE,2026-02-28,09:50,1105.39
AV235,MAD,BOG,2026-03-08,21:50,978.26
AA236,PTY,GYE,2026-02-26,15:40,778.14
KL237,BOG,GPS,2026-03-12,05:20,707.16
IB238,BOG,GYE,2026-02-19,16:50,1123.65
AA239,AMS,GPS,2026-02-25,10:50,84.68
IB240,AMS,MAD,2026-03-20,15:50,614.18
DL241,GYE,AMS,2026-02-21,12:00,725.62
LA242,AMS,CUE,2026-02-22,15:50,64.40
AA243,PTY,LIM,2026-03-17,21:50,766.06
EQ244,LIM,BOG,2026-03-18,21:30,1193.98
AA245,MAD,GYE,2026-02-12,12:30,1142.40
CM246,MEC,GYE,2026-02-04,12:20,396.00
DL247,MEC,UIO,2026-02-20,15:20,421.69
DL248,CUE,GYE,2026-02-14,04:30,373.20
AV249,MIA,AMS,2026-03-18,20:40,350.53
KL250,GYE,GPS,2026-03-10,18:10,681.06
IB251,CUE,GYE,2026-03-30,01:10,703.57
IB252,UIO,BOG,2026-03-17,09:50,1190.97
AA253,LIM,AMS,2026-02-16,19:30,1084.06
AV254,GYE,AMS,2026-02-04,00:10,1197.73
AA255,MIA,CUE,2026-03-15,04:00,503.85
IB256,MEC,MIA,2026-02-01,16:40,640.72
CM257,GYE,BOG,2026-03-16,16:00,296.78
AA258,MAD,GPS,2026-02-22,18:40,722.53
DL259,BOG,PTY,2026-03-29,08:10,623.96
LA260,MAD,GPS,2026-02-02,12:40,498.43
EQ261,MEC,LIM,2026-02-23,20:20,1021.55
AV262,BOG,PTY,2026-02-26,18:50,1080.72
IB263,GPS,BOG,2026-03-26,16:40,93.97
KL264,LIM,CUE,2026-03-19,01:00,1180.77
DL265,CUE,MIA,2026-02-05,15:40,729.34
IB266,AMS,MAD,2026-03-09,18:50,601.42
AA267,AMS,MIA,2026-02-01,21:30,572.56
IB268,MAD,LIM,2026-02-10,14:40,818.50
KL269,MIA,GYE,2026-03-25,21:20,202.61
DL270,MEC,GYE,2026-02-03,04:30,764.41
AA271,GYE,MAD,2026-03-13,21:40,526.76
KL272,BOG,LIM,2026-03-17,13:40,109.97
CM273,MAD,CUE,2026-03-03,10:10,1077.18
DL274,GPS,GYE,2026-02-19,03:10,281.98
DL275,GYE,GPS,2026-02-22,01:10,56.90
AV276,MIA,BOG,2026-03-18,04:30,137.22
IB277,CUE,MEC,2026-03-26,05:50,494.14
AA278,AMS,MIA,2026-02-05,16:30,802.15
AV279,UIO,MIA,2026-02-04,11:40,694.19
IB280,PTY,MAD,2026-02-20,10:10,821.46
AV281,LIM,GYE,2026-03-08,19:40,1166.31
AV282,CUE,LIM,2026-03-07,02:50,606.10
CM283,BOG,CUE,2026-03-10,11:50,666.61
LA284,GYE,MEC,2026-03-25,17:30,882.68
KL285,PTY,BOG,2026-03-04,20:30,980.89
EQ286,MEC,CUE,2026-03-10,16:30,253.01
AV287,MEC,AMS,2026-03-10,07:30,483.90
KL288,BOG,PTY,2026-03-04,23:50,812.13
IB289,LIM,MAD,2026-02-19,09:30,515.87
CM290,PTY,LIM,2026-03-01,18:40,1015.84
AV291,CUE,LIM,2026-03-08,00:30,591.72
CM292,LIM,BOG,2026-02-26,23:30,474.80
CM293,MEC,BOG,2026-03-09,06:30,872.88
LA294,MIA,CUE,2026-02-09,14:10,536.89
DL295,UIO,PTY,2026-03-20,18:50,50.39
LA296,AMS,CUE,2026-03-19,00:20,1171.10
KL297,LIM,MAD,2026-03-30,22:50,870.43
KL298,MIA,GYE,2026-02-20,07:40,1049.49
EQ299,UIO,PTY,2026-02-19,05:40,670.65
LA300,UIO,AMS,2026-02-04,07:20,654.31
IB301,MEC,UIO,2026-03-20,18:30,331.84
LA302,CUE,LIM,2026-02-10,12:30,1012.42
AA303,BOG,MAD,2026-02-26,17:40,421.17
DL304,AMS,MEC,2026-03-08,14:10,971.73
LA305,GPS,CUE,2026-03-09,00:30,238.44
AA306,CUE,MEC,2026-03-15,04:50,1127.30
EQ307,CUE,MEC,2026-02-08,09:30,216.89
KL308,MEC,CUE,2026-03-03,15:30,643.13
LA309,MEC,GPS,2026-02-06,22:30,1166.00
IB310,LIM,UIO,2026-03-02,10:10,969.54
IB311,BOG,MAD,2026-03-12,18:30,258.58
IB312,UIO,LIM,2026-03-07,21:50,102.48
KL313,PTY,AMS,2026-02-09,17:30,408.58
DL314,LIM,PTY,2026-03-17,01:50,72.53
EQ315,PTY,UIO,2026-03-27,08:50,590.71
AA316,PTY,BOG,2026-03-26,18:50,641.35
AA317,BOG,MIA,2026-02-10,00:10,1130.36
EQ318,LIM,UIO,2026-03-24,12:30,324.51
IB319,UIO,MAD,2026-02-04,18:50,267.40
KL320,MEC,PTY,2026-03-28,08:30,1150.84
EQ321,PTY,BOG,2026-03-19,02:50,1163.35
LA322,CUE,AMS,2026-03-07,16:10,1043.68
AA323,MEC,PTY,2026-02-08,21:10,992.86
AA324,MIA,AMS,2026-02-02,14:50,1021.13
DL325,LIM,MEC,2026-02-12,03:10,463.28
CM326,LIM,GYE,2026-03-21,08:40,823.49
LA327,MEC,PTY,2026-03-18,03:10,135.45
KL328,LIM,MEC,2026-03-04,19:10,885.73
LA329,CUE,GPS,2026-03-11,07:50,1153.24
AV330,BOG,LIM,2026-03-17,16:40,1143.28
KL331,GPS,UIO,2026-02-06,08:00,1060.39
DL332,AMS,MIA,2026-02-23,15:20,840.09
DL333,PTY,AMS,2026-03-10,04:00,1079.23
EQ334,CUE,LIM,2026-03-26,23:10,236.40
KL335,MIA,CUE,2026-02-07,07:40,887.48
AV336,AMS,BOG,2026-02-27,15:40,530.52
KL337,PTY,CUE,2026-03-03,03:40,229.90
EQ338,BOG,CUE,2026-02-27,05:30,950.65
IB339,MEC,AMS,2026-03-01,11:00,879.13
LA340,LIM,MEC,2026-02-08,00:50,181.54
EQ341,GYE,AMS,2026-02-26,21:10,448.91
KL342,MEC,PTY,2026-03-28,03:10,1115.16
AV343,PTY,CUE,2026-02-16,18:30,521.46
AA344,BOG,UIO,2026-02-28,16:00,1119.59
IB345,AMS,GYE,2026-02-16,09:50,874.78
AA346,MAD,GYE,2026-02-21,13:20,818.15
AA347,MAD,LIM,2026-02-18,23:40,780.36
DL348,UIO,PTY,2026-02-21,04:00,141.02
EQ349,MAD,GPS,2026-03-07,16:50,1114.59
LA350,MIA,MAD,2026-02-12,08:30,181.21
AA351,MEC,AMS,2026-02-01,02:40,776.11
IB352,CUE,MIA,2026-02-16,02:00,334.53
IB353,PTY,MAD,2026-03-01,06:00,1029.12
CM354,CUE,LIM,2026-03-13,04:20,507.59
LA355,CUE,GPS,2026-03-04,14:00,703.51
AV356,PTY,MAD,2026-02-03,23:10,954.46
DL357,PTY,BOG,2026-02-05,09:50,156.31
AV358,PTY,LIM,2026-03-02,19:40,97.33
LA359,GPS,UIO,2026-03-11,04:50,808.26
DL360,MAD,MIA,2026-03-16,07:50,609.75
EQ361,MAD,BOG,2026-03-25,19:50,521.29
CM362,BOG,GPS,2026-02-08,14:20,485.17
AV363,LIM,MIA,2026-03-16,13:40,301.69
IB364,CUE,UIO,2026-03-26,23:50,472.71
KL365,PTY,UIO,2026-03-09,02:00,742.55
LA366,LIM,BOG,2026-02-07,09:20,503.56
AV367,LIM,MAD,2026-03-29,06:40,157.74
CM368,LIM,MEC,2026-03-10,22:40,719.52
KL369,PTY,MIA,2026-03-08,23:40,532.82
CM370,CUE,UIO,2026-02-08,02:40,92.73
KL371,GPS,BOG,2026-03-11,09:20,647.23
DL372,AMS,MEC,2026-02-02,16:00,928.30
DL373,AMS,UIO,2026-03-15,14:00,684.07
AA374,LIM,MIA,2026-02-06,15:50,744.15
CM375,LIM,MIA,2026-02-04,16:30,535.00
DL376,GYE,PTY,2026-03-02,22:50,990.72
AV377,MIA,PTY,2026-03-31,18:40,130.24
AA378,LIM,MEC,2026-03-16,02:10,1116.05
LA379,GPS,MAD,2026-03-08,19:20,236.08
CM380,PTY,GPS,2026-03-11,08:30,874.72
EQ381,MIA,UIO,2026-03-12,04:10,787.16
CM382,CUE,BOG,2026-02-02,16:50,689.48
AV383,MIA,PTY,2026-03-17,04:10,839.76
LA384,MEC,UIO,2026-03-12,23:20,357.37
CM385,MEC,GYE,2026-03-07,19:20,318.07
DL386,MEC,AMS,2026-02-12,09:20,1148.14
DL387,AMS,MAD,2026-02-26,16:00,719.33
IB388,AMS,MIA,2026-03-09,07:00,382.24
AV389,CUE,MIA,2026-03-09,02:00,343.15
LA390,GPS,AMS,2026-03-30,18:10,1155.61
DL391,BOG,GYE,2026-03-27,07:50,755.85
AV392,MAD,LIM,2026-03-21,07:30,97.64
EQ393,PTY,UIO,2026-03-27,02:00,668.70
CM394,MAD,MEC,2026-02-09,23:50,301.35
IB395,CUE,PTY,2026-03-28,09:10,790.03
KL396,GYE,AMS,2026-03-05,11:10,817.93
DL397,AMS,MIA,2026-03-22,12:50,886.50
DL398,BOG,UIO,2026-03-10,13:30,553.07
CM399,LIM,PTY,2026-03-31,22:40,190.66
KL400,CUE,AMS,2026-03-11,20:00,440.19
EQ401,GPS,CUE,2026-03-15,12:00,432.56
AA402,LIM,GYE,2026-02-13,20:30,88.89
AV403,CUE,MAD,2026-03-15,11:40,866.59
EQ404,MAD,BOG,2026-02-14,06:50,192.19
KL405,MAD,LIM,2026-02-19,17:30,271.46
KL406,MAD,CUE,2026-02-15,08:20,933.43
CM407,BOG,GPS,2026-03-08,00:10,860.04
IB408,GYE,MEC,2026-03-07,14:30,280.38
KL409,PTY,LIM,2026-02-01,00:30,764.27
DL410,MEC,GYE,2026-03-03,20:00,909.56
KL411,LIM,GYE,2026-03-14,07:40,297.05
AA412,GPS,MAD,2026-02-11,19:20,856.65
IB413,PTY,BOG,2026-02-28,22:20,877.77
EQ414,GPS,PTY,2026-03-08,05:30,366.22
DL415,BOG,MIA,2026-02-23,08:10,532.88
IB416,UIO,GPS,2026-03-16,06:50,201.75
KL417,AMS,MIA,2026-02-10,14:00,905.88
KL418,AMS,MEC,2026-02-15,22:50,474.07
KL419,UIO,PTY,2026-02-21,20:00,541.72
LA420,CUE,MEC,2026-02-25,14:10,499.94
EQ421,GPS,UIO,2026-03-11,18:20,189.99
EQ422,PTY,CUE,2026-02-16,18:40,1104.23
LA423,GPS,LIM,2026-03-11,07:00,578.56
LA424,MAD,UIO,2026-03-24,12:00,450.81
IB425,BOG,MIA,2026-02-21,12:30,845.04
LA426,MAD,GYE,2026-03-03,10:30,394.80
EQ427,MEC,PTY,2026-02-15,05:10,541.85
KL428,UIO,BOG,2026-02-20,18:10,702.30
AA429,AMS,UIO,2026-03-15,11:40,172.97
AV430,GYE,AMS,2026-03-01,11:20,1104.09
AV431,UIO,MEC,2026-03-27,01:40,715.35
CM432,MIA,GYE,2026-03-01,08:20,391.63
AA433,MIA,AMS,2026-02-21,15:00,1175.64
IB434,PTY,AMS,2026-03-05,12:00,503.65
EQ435,MEC,PTY,2026-02-26,10:40,276.94
LA436,GPS,LIM,2026-02-18,14:50,718.71
AA437,PTY,GYE,2026-03-24,20:30,1099.16
KL438,GPS,CUE,2026-02-20,20:00,603.51
LA439,MEC,PTY,2026-02-12,11:40,1004.00
LA440,PTY,UIO,2026-03-23,17:10,479.67
DL441,MAD,MIA,2026-02-02,02:20,220.49
AV442,MAD,AMS,2026-02-18,04:00,891.90
AV443,AMS,UIO,2026-02-28,01:20,702.56
KL444,MAD,MEC,2026-03-09,09:40,683.33
DL445,MIA,LIM,2026-03-17,11:10,1048.38
EQ446,MEC,MIA,2026-03-15,13:10,316.84
IB447,PTY,CUE,2026-02-23,01:00,992.43
AV448,MIA,BOG,2026-02-25,02:00,199.08
LA449,UIO,AMS,2026-02-14,11:20,662.31
CM450,LIM,MAD,2026-02-18,23:20,580.48
AV451,MEC,MAD,2026-03-28,16:20,1118.78
IB452,UIO,AMS,2026-03-10,17:00,957.58
EQ453,AMS,GPS,2026-03-06,04:30,217.16
KL454,CUE,LIM,2026-02-18,13:30,313.77
DL455,AMS,GYE,2026-02-05,22:50,517.93
AV456,CUE,GYE,2026-02-16,22:00,125.27
IB457,GYE,AMS,2026-03-18,22:50,1102.13
KL458,BOG,CUE,2026-03-18,08:20,753.22
CM459,AMS,MEC,2026-02-25,19:00,300.34
IB460,GYE,LIM,2026-03-08,02:20,1009.60
CM461,CUE,AMS,2026-03-12,05:40,639.94
AA462,LIM,MAD,2026-03-25,06:50,625.96
CM463,MIA,GYE,2026-03-28,07:10,871.09
LA464,MEC,MAD,2026-02-18,08:00,445.86
IB465,MEC,LIM,2026-03-20,18:20,805.43
KL466,UIO,MIA,2026-03-25,14:20,241.42
IB467,GPS,MEC,2026-03-28,18:10,931.15
CM468,MEC,GPS,2026-02-10,17:00,1106.12
AV469,AMS,MAD,2026-03-16,17:10,567.19
EQ470,MIA,GYE,2026-02-25,12:00,628.45
AA471,GYE,MIA,2026-03-01,05:10,624.44
AV472,LIM,BOG,2026-03-10,21:40,724.86
KL473,LIM,MAD,2026-03-07,16:50,490.74
EQ474,GYE,MEC,2026-02-07,20:20,274.88
KL475,GPS,UIO,2026-03-21,11:30,1069.45
KL476,MAD,LIM,2026-03-22,21:00,386.91
LA477,GYE,CUE,2026-02-14,10:50,514.54
KL478,BOG,CUE,2026-03-12,02:20,972.36
CM479,PTY,AMS,2026-02-17,02:50,1000.11
LA480,PTY,LIM,2026-02-09,06:40,1162.82
KL481,BOG,CUE,2026-03-22,00:10,1042.57
CM482,MEC,PTY,2026-02-15,10:40,822.86
AA483,MIA,BOG,2026-03-09,09:10,932.41
AV484,GPS,MIA,2026-02-22,04:50,330.62
CM485,PTY,GYE,2026-03-06,16:20,841.45
LA486,GPS,UIO,2026-03-07,07:20,166.72
LA487,GPS,BOG,2026-02-16,10:50,979.32
KL488,GYE,AMS,2026-02-08,23:00,600.33
LA489,UIO,MEC,2026-03-29,15:00,1160.75
IB490,AMS,CUE,2026-03-01,03:10,589.99
IB491,CUE,PTY,2026-02-28,17:40,296.33
IB492,MEC,MAD,2026-02-22,00:50,126.63
AA493,UIO,MAD,2026-02-21,05:00,189.50
KL494,MIA,GYE,2026-03-17,05:20,1022.47
DL495,UIO,MEC,2026-02-25,12:20,713.00
AA496,LIM,GPS,2026-02-23,22:10,787.26
LA497,GYE,GPS,2026-02-15,15:10,638.28
CM498,AMS,MAD,2026-03-14,09:50,584.30
IB499,PTY,GYE,2026-02-08,02:20,223.48
LA500,PTY,MAD,2026-03-23,19:10,268.54
IB501,GPS,GYE,2026-03-12,10:00,917.95
DL502,GPS,MAD,2026-02-18,18:20,159.44
EQ503,AMS,MAD,2026-03-06,07:10,905.84
IB504,UIO,CUE,2026-02-19,09:50,422.67
AV505,GYE,CUE,2026-02-02,22:00,621.96
AA506,BOG,MEC,2026-03-04,13:50,60.93
KL507,AMS,MAD,2026-02-04,22:30,90.95
AV508,LIM,GPS,2026-02-14,08:50,1025.82
AA509,MEC,UIO,2026-02-09,23:00,1177.03
DL510,GPS,PTY,2026-03-09,10:50,763.61
EQ511,AMS,UIO,2026-03-03,16:10,613.86
CM512,PTY,AMS,2026-02-23,19:20,586.45
EQ513,MEC,UIO,2026-02-09,14:30,266.76
KL514,MIA,MEC,2026-03-09,22:30,1171.06
AV515,CUE,MIA,2026-02-06,08:40,292.24
CM516,AMS,MAD,2026-02-26,11:40,752.48
AV517,MEC,UIO,2026-02-08,16:40,584.73
CM518,LIM,GPS,2026-02-20,05:30,484.26
IB519,BOG,UIO,2026-02-07,12:20,370.46
IB520,PTY,MIA,2026-02-05,03:30,81.65
LA521,GYE,MEC,2026-03-11,03:00,712.21
EQ522,GPS,PTY,2026-03-05,06:20,1154.35
KL523,GPS,MIA,2026-03-19,23:00,330.09
LA524,AMS,MAD,2026-03-16,10:50,678.19
DL525,BOG,PTY,2026-03-14,19:00,814.02
CM526,BOG,CUE,2026-03-18,12:50,883.40
IB527,MAD,MIA,2026-03-07,09:10,406.19
CM528,LIM,MEC,2026-03-24,18:20,1120.71
AV529,GYE,MIA,2026-03-10,01:00,1002.19
LA530,MIA,MAD,2026-03-17,01:10,109.26
AA531,GPS,MAD,2026-03-25,10:20,800.94
AV532,AMS,LIM,2026-02-04,02:20,1195.56
KL533,PTY,MIA,2026-02-21,13:50,748.43
AV534,LIM,MEC,2026-02-18,17:30,922.96
CM535,GYE,MIA,2026-03-27,22:20,563.64
DL536,LIM,GPS,2026-02-19,15:00,1061.43
CM537,CUE,MAD,2026-02-17,11:20,246.11
IB538,GPS,BOG,2026-02-25,02:30,450.99
AV539,CUE,LIM,2026-03-10,06:40,967.88
AA540,BOG,PTY,2026-02-06,22:30,515.86
DL541,AMS,MAD,2026-02-01,11:00,530.05
LA542,AMS,LIM,2026-03-11,12:40,850.07
EQ543,MIA,PTY,2026-03-13,06:50,231.41
DL544,MAD,UIO,2026-03-01,20:20,520.69
EQ545,CUE,AMS,2026-02-19,16:10,234.47
CM546,CUE,MIA,2026-02-24,04:10,548.43
CM547,PTY,MEC,2026-03-08,17:30,195.35
LA548,CUE,AMS,2026-02-24,22:50,353.35
AV549,GPS,LIM,2026-02-22,08:30,391.45
EQ550,LIM,AMS,2026-03-12,00:20,135.05
DL551,LIM,UIO,2026-03-09,06:30,756.30
LA552,UIO,AMS,2026-02-04,23:20,805.62
IB553,UIO,GYE,2026-02-07,17:30,120.41
AV554,AMS,BOG,2026-03-03,14:30,853.58
EQ555,MEC,GPS,2026-02-14,22:40,548.90
IB556,BOG,GPS,2026-03-03,07:00,1069.73
AA557,MAD,MEC,2026-03-12,06:10,703.73
AA558,MEC,UIO,2026-03-25,15:40,97.43
IB559,PTY,MEC,2026-02-09,22:40,839.71
EQ560,GPS,UIO,2026-03-08,21:30,707.31
CM561,MIA,GPS,2026-02-24,09:40,1007.33
CM562,GPS,PTY,2026-03-19,22:40,287.91
AA563,UIO,GYE,2026-02-14,01:40,632.91
AV564,LIM,MAD,2026-03-12,04:00,912.42
KL565,LIM,MIA,2026-02-18,11:10,404.16
KL566,GYE,MIA,2026-02-26,22:20,139.84
LA567,UIO,GPS,2026-02-02,09:30,217.13
EQ568,AMS,LIM,2026-02-06,23:10,319.02
EQ569,MIA,AMS,2026-03-12,21:10,268.31
CM570,MEC,GYE,2026-03-28,23:30,1012.67
EQ571,GYE,CUE,2026-02-04,12:50,61.40
IB572,BOG,MEC,2026-02-07,14:10,1199.17
KL573,BOG,AMS,2026-02-23,07:30,1170.57
IB574,GYE,UIO,2026-02-06,08:40,617.96
DL575,AMS,CUE,2026-02-21,06:10,1104.00
EQ576,BOG,MAD,2026-02-05,15:00,1145.50
CM577,GYE,BOG,2026-02-15,05:20,981.18
IB578,UIO,MIA,2026-02-16,18:50,513.49
AA579,PTY,MEC,2026-03-16,13:20,1082.54
AV580,BOG,MAD,2026-03-28,01:50,860.51
AV581,MEC,AMS,2026-03-20,16:10,768.55
AA582,MEC,PTY,2026-02-12,01:10,170.77
CM583,CUE,LIM,2026-02-05,08:20,675.81
AA584,PTY,GPS,2026-02-24,06:50,886.12
LA585,MIA,UIO,2026-03-17,12:30,699.05
EQ586,BOG,GYE,2026-03-19,13:20,459.15
EQ587,UIO,GPS,2026-02-12,00:10,1039.95
AV588,MAD,AMS,2026-03-29,09:40,450.75
AA589,MIA,LIM,2026-02-19,00:40,818.57
AA590,CUE,MIA,2026-03-01,22:00,788.14
IB591,MAD,MEC,2026-03-30,05:20,762.32
DL592,CUE,GPS,2026-02-22,05:20,142.57
AV593,GPS,BOG,2026-02-08,22:20,604.22
AA594,PTY,MAD,2026-02-02,19:30,342.69
LA595,MAD,GYE,2026-03-15,21:00,778.02
KL596,PTY,MAD,2026-03-29,02:40,721.20
IB597,PTY,AMS,2026-03-30,01:50,597.96
IB598,LIM,MEC,2026-03-16,10:40,214.53
LA599,UIO,GYE,2026-02-07,20:10,242.64
CM600,CUE,UIO,2026-03-06,03:40,710.49
IB601,MEC,AMS,2026-02-02,12:10,990.73
KL602,MEC,PTY,2026-03-27,03:30,402.49
AV603,GYE,PTY,2026-02-04,21:40,717.53
DL604,UIO,GYE,2026-02-18,07:50,326.34
AV605,GYE,MAD,2026-02-07,07:50,807.53
IB606,MIA,UIO,2026-02-03,14:00,981.82
CM607,GYE,CUE,2026-02-23,04:30,293.44
LA608,PTY,GYE,2026-02-24,22:30,117.42
AA609,BOG,LIM,2026-03-15,23:30,154.55
CM610,MEC,MIA,2026-02-04,13:40,657.77
AA611,UIO,AMS,2026-03-12,23:00,814.68
IB612,GYE,MEC,2026-03-10,20:00,912.59
DL613,PTY,AMS,2026-02-07,21:10,64.37
EQ614,UIO,LIM,2026-03-29,16:20,797.75
LA615,GPS,UIO,2026-02-08,19:40,801.83
CM616,UIO,GYE,2026-03-15,02:10,547.65
KL617,MIA,CUE,2026-03-26,12:00,85.34
CM618,BOG,CUE,2026-02-08,11:00,55.48
LA619,MAD,MIA,2026-03-06,01:40,916.75
AV620,GYE,MIA,2026-03-12,05:30,167.59
LA621,PTY,MAD,2026-02-18,03:10,193.34
LA622,MIA,BOG,2026-03-07,23:30,1035.43
AA623,PTY,MAD,2026-02-15,20:30,81.24
AA624,MEC,GPS,2026-03-13,15:00,628.23
KL625,PTY,BOG,2026-02-12,03:20,653.93
AV626,MEC,GPS,2026-02-18,08:50,548.62
KL627,PTY,LIM,2026-03-15,20:40,589.21
DL628,PTY,GYE,2026-03-25,11:10,1173.51
KL629,LIM,MIA,2026-02-14,02:30,817.48
KL630,LIM,MAD,2026-02-20,23:40,723.83
AV631,AMS,GPS,2026-03-10,17:10,922.36
CM632,MIA,CUE,2026-02-20,11:20,303.10
DL633,MIA,MEC,2026-03-28,18:50,200.87
LA634,MIA,CUE,2026-02-10,00:10,382.36
AV635,CUE,LIM,2026-03-05,03:50,1086.66
DL636,GYE,MIA,2026-02-15,15:40,628.87
EQ637,PTY,GPS,2026-03-04,22:50,817.25
AA638,MEC,PTY,2026-02-10,03:50,734.49
DL639,UIO,MAD,2026-02-17,18:10,457.35
CM640,MEC,UIO,2026-02-20,16:30,410.43
IB641,GPS,UIO,2026-03-05,05:40,80.70
DL642,PTY,MEC,2026-03-20,13:30,321.82
AV643,MEC,GPS,2026-03-27,07:20,902.60
AA644,AMS,GYE,2026-02-13,05:50,993.30
CM645,CUE,PTY,2026-03-19,16:50,635.31
IB646,MIA,UIO,2026-02-05,16:40,870.10
DL647,BOG,AMS,2026-03-04,01:50,1042.90
CM648,CUE,AMS,2026-03-03,00:40,606.39
DL649,MIA,CUE,2026-02-18,00:20,613.65
DL650,CUE,PTY,2026-02-21,03:40,410.74
CM651,MEC,GPS,2026-03-10,12:50,142.80
IB652,GYE,UIO,2026-03-07,21:10,488.29
DL653,GYE,MIA,2026-02-21,08:20,1008.57
DL654,BOG,PTY,2026-02-24,23:50,342.89
AV655,MEC,BOG,2026-03-01,00:20,952.64
CM656,GPS,LIM,2026-03-28,12:50,338.03
IB657,GYE,AMS,2026-02-10,17:20,187.39
IB658,MAD,GYE,2026-02-13,04:10,628.28
EQ659,MIA,LIM,2026-02-11,14:40,428.62
AV660,AMS,MIA,2026-03-18,22:40,407.29
IB661,PTY,UIO,2026-03-31,10:10,684.67
AA662,GYE,CUE,2026-03-07,03:30,158.69
AA663,AMS,MAD,2026-02-03,21:10,445.51
KL664,GPS,GYE,2026-02-11,10:30,782.97
CM665,GYE,LIM,2026-03-22,07:30,633.23
AA666,MEC,MIA,2026-03-31,04:40,271.38
DL667,AMS,UIO,2026-03-06,15:00,276.07
DL668,MAD,LIM,2026-02-18,16:40,383.57
AA669,MEC,UIO,2026-02-14,09:10,492.77
AV670,CUE,AMS,2026-03-19,22:40,375.56
EQ671,AMS,MAD,2026-03-01,03:50,877.38
IB672,BOG,CUE,2026-03-17,17:10,501.28
DL673,LIM,MAD,2026-03-15,08:00,580.84
CM674,PTY,GYE,2026-02-16,02:50,1125.04
EQ675,CUE,PTY,2026-02-15,22:50,680.59
CM676,BOG,MEC,2026-02-14,11:40,666.10
IB677,GPS,GYE,2026-02-20,09:00,1106.68
AA678,CUE,LIM,2026-02-19,12:30,1135.06
CM679,GPS,GYE,2026-02-19,06:20,71.33
DL680,PTY,LIM,2026-02-07,00:10,924.70
CM681,BOG,PTY,2026-02-04,18:30,931.55
AV682,LIM,UIO,2026-03-11,17:40,1089.25
CM683,AMS,PTY,2026-03-29,06:40,250.91
KL684,GPS,LIM,2026-03-14,03:40,941.23
LA685,UIO,CUE,2026-03-12,10:10,973.22
KL686,CUE,MEC,2026-03-14,23:20,204.50
DL687,GYE,MAD,2026-02-19,05:00,342.02
LA688,MIA,MEC,2026-02-07,16:40,905.12
AV689,CUE,GYE,2026-02-10,22:00,731.68
CM690,MIA,GPS,2026-02-07,16:00,617.72
CM691,GYE,GPS,2026-02-15,01:50,189.61
CM692,LIM,MAD,2026-02-17,11:00,462.67
DL693,GPS,MAD,2026-02-15,16:30,554.64
CM694,MEC,UIO,2026-02-22,09:30,995.15
IB695,PTY,CUE,2026-03-04,03:50,462.62
KL696,BOG,MAD,2026-03-20,09:40,620.23
EQ697,GYE,MAD,2026-02-20,13:50,1041.06
AA698,GPS,PTY,2026-03-27,12:20,445.87
AV699,LIM,MAD,2026-02-01,05:40,624.76
DL700,LIM,MAD,2026-03-18,17:00,1191.82
LA701,LIM,MIA,2026-02-08,14:00,1047.47
CM702,PTY,AMS,2026-03-25,00:50,985.90
CM703,MIA,PTY,2026-03-11,16:00,621.02
EQ704,AMS,MAD,2026-02-08,03:20,434.30
EQ705,MAD,BOG,2026-02-15,08:40,662.78
AV706,BOG,GYE,2026-03-13,18:40,140.25
IB707,LIM,AMS,2026-02-10,20:50,1198.71
KL708,BOG,PTY,2026-03-18,19:40,663.62
KL709,BOG,MIA,2026-02-22,05:00,882.71
EQ710,LIM,BOG,2026-03-24,08:00,545.93
DL711,MAD,AMS,2026-02-14,22:10,982.35
EQ712,LIM,GPS,2026-03-20,23:00,77.74
DL713,MAD,GYE,2026-03-31,13:40,521.54
CM714,CUE,GPS,2026-02-21,11:40,227.30
CM715,AMS,MAD,2026-03-24,07:40,288.11
KL716,LIM,BOG,2026-03-25,20:50,814.43
KL717,MEC,MAD,2026-03-09,07:20,550.69
IB718,GPS,CUE,2026-02-13,16:40,553.39
LA719,GYE,MAD,2026-03-15,13:50,910.12
DL720,GPS,BOG,2026-03-11,17:30,356.51
CM721,GYE,MEC,2026-02-24,11:40,447.80
AV722,MIA,MAD,2026-03-18,15:10,226.88
KL723,MIA,GPS,2026-03-03,00:40,816.73
CM724,GYE,UIO,2026-03-27,13:20,386.53
DL725,GPS,AMS,2026-03-07,01:50,449.91
IB726,UIO,MIA,2026-03-21,22:00,857.58
IB727,GPS,MIA,2026-02-06,15:30,954.13
AA728,MAD,LIM,2026-03-19,01:40,407.70
LA729,MEC,BOG,2026-03-08,01:10,322.13
AV730,BOG,AMS,2026-03-13,13:40,1027.96
LA731,GYE,MIA,2026-02-10,19:00,745.67
EQ732,PTY,BOG,2026-03-15,22:30,400.32
LA733,AMS,GPS,2026-03-07,03:30,580.07
IB734,GPS,MIA,2026-02-27,17:10,1150.84
CM735,LIM,MEC,2026-02-06,12:20,849.53
IB736,GPS,PTY,2026-02-12,11:30,1153.87
DL737,MEC,GYE,2026-02-07,03:40,489.19
LA738,PTY,CUE,2026-02-11,18:30,1133.82
CM739,CUE,AMS,2026-02-24,07:40,275.07
CM740,BOG,UIO,2026-02-10,09:00,52.60
CM741,CUE,MAD,2026-02-08,00:30,1163.82
LA742,BOG,UIO,2026-03-11,22:50,874.06
IB743,MAD,CUE,2026-02-04,06:40,644.80
IB744,GYE,LIM,2026-02-24,12:20,1181.39
EQ745,UIO,LIM,2026-02-27,14:30,197.96
EQ746,GYE,GPS,2026-02-26,22:50,62.79
AA747,MIA,UIO,2026-02-08,01:00,854.25
IB748,CUE,AMS,2026-02-05,23:40,734.28
DL749,GYE,MAD,2026-02-11,07:30,339.87
AA750,UIO,MEC,2026-02-01,23:30,434.78
DL751,MEC,GYE,2026-02-12,09:50,718.08
EQ752,CUE,GYE,2026-02-09,22:40,91.42
AA753,MIA,PTY,2026-03-10,19:50,419.94
CM754,BOG,PTY,2026-03-04,17:50,532.00
AV755,GYE,MAD,2026-02-04,12:00,930.34
AV756,BOG,GPS,2026-02-15,12:10,168.09
LA757,MEC,LIM,2026-02-22,01:00,976.33
KL758,MAD,GPS,2026-03-13,22:40,412.63
IB759,MEC,MIA,2026-03-19,18:20,1065.22
IB760,LIM,PTY,2026-03-09,00:10,133.68
EQ761,GYE,LIM,2026-02-26,20:20,796.49
AA762,AMS,GPS,2026-03-08,11:40,413.97
KL763,MIA,MAD,2026-02-12,21:30,715.25
CM764,MEC,BOG,2026-03-10,17:40,716.74
KL765,GYE,PTY,2026-02-22,10:00,293.71
IB766,PTY,MEC,2026-03-19,23:10,914.98
AV767,UIO,BOG,2026-03-24,18:00,1010.19
IB768,PTY,GYE,2026-03-07,05:50,131.06
DL769,MEC,GYE,2026-02-14,10:00,345.65
LA770,CUE,MEC,2026-02-09,03:00,1053.73
EQ771,PTY,BOG,2026-02-24,04:40,175.56
EQ772,UIO,PTY,2026-03-22,01:30,1050.73
KL773,BOG,GYE,2026-03-09,03:50,863.03
IB774,GYE,AMS,2026-03-08,13:00,206.16
AA775,LIM,AMS,2026-03-21,11:50,571.33
IB776,PTY,GPS,2026-03-17,20:40,521.37
KL777,MIA,GYE,2026-02-24,10:20,471.56
KL778,GYE,GPS,2026-03-23,02:10,1096.43
KL779,LIM,MIA,2026-03-21,22:00,1114.17
KL780,UIO,PTY,2026-02-17,19:00,69.19
LA781,LIM,UIO,2026-02-28,15:50,584.36
EQ782,GPS,MAD,2026-03-13,15:40,147.19
CM783,MAD,GPS,2026-03-18,15:50,161.61
DL784,MAD,CUE,2026-03-17,21:20,1158.47
CM785,LIM,MIA,2026-03-16,06:10,201.62
AV786,MEC,BOG,2026-02-14,12:10,152.99
AA787,UIO,PTY,2026-02-07,04:10,90.63
AA788,GPS,AMS,2026-02-25,14:30,346.60
CM789,CUE,UIO,2026-03-27,14:10,972.62
KL790,MIA,GYE,2026-02-12,13:20,676.60
EQ791,MEC,PTY,2026-02-16,01:40,471.00
IB792,UIO,GYE,2026-03-20,17:40,783.12
AA793,GPS,PTY,2026-02-13,18:40,444.43
CM794,AMS,MIA,2026-02-24,16:30,933.63
KL795,GPS,UIO,2026-03-20,13:10,232.49
IB796,AMS,UIO,2026-03-02,15:30,632.88
AA797,CUE,MEC,2026-02-12,22:50,50.66
DL798,MIA,GPS,2026-03-15,01:30,1034.09
EQ799,MEC,GYE,2026-03-16,19:20,356.80
IB800,BOG,AMS,2026-03-09,05:00,349.42
IB801,BOG,UIO,2026-02-01,03:50,608.85
EQ802,MIA,GYE,2026-03-30,07:20,819.79
AA803,BOG,LIM,2026-03-12,17:00,613.80
EQ804,CUE,LIM,2026-03-21,08:20,258.27
LA805,GYE,MAD,2026-03-06,10:20,600.84
AA806,MAD,GPS,2026-03-12,23:20,907.83
AV807,CUE,BOG,2026-03-23,13:00,834.79
KL808,UIO,CUE,2026-03-24,19:00,472.20
AA809,AMS,PTY,2026-03-12,02:20,129.53
IB810,MAD,GYE,2026-03-06,19:20,554.04
IB811,PTY,AMS,2026-03-20,17:10,398.11
DL812,GYE,MEC,2026-03-12,13:00,1047.54
AA813,MEC,CUE,2026-03-09,20:00,999.76
LA814,GPS,MEC,2026-02-22,19:50,1001.46
EQ815,GYE,PTY,2026-03-25,16:10,254.18
DL816,CUE,BOG,2026-03-07,20:20,1168.48
CM817,MIA,PTY,2026-02-05,06:00,617.85
IB818,CUE,GYE,2026-02-08,08:10,346.59
DL819,GYE,MAD,2026-03-01,09:00,445.18
AA820,MAD,LIM,2026-03-02,05:00,400.48
CM821,AMS,LIM,2026-03-02,20:00,461.98
LA822,GPS,UIO,2026-02-14,07:00,717.22
LA823,UIO,MEC,2026-02-02,05:30,106.49
DL824,MEC,MAD,2026-03-07,09:50,456.87
DL825,PTY,MAD,2026-02-13,20:50,821.14
EQ826,CUE,BOG,2026-02-04,21:10,1013.44
EQ827,AMS,BOG,2026-02-13,12:20,208.15
KL828,CUE,UIO,2026-03-28,08:20,1136.45
CM829,PTY,MIA,2026-03-27,03:50,792.12
LA830,AMS,UIO,2026-03-17,01:30,146.89
AV831,MEC,PTY,2026-02-04,11:00,1142.99
CM832,MAD,MIA,2026-03-02,12:40,670.52
AV833,MAD,LIM,2026-03-11,16:20,320.78
DL834,CUE,LIM,2026-03-10,13:10,312.62
AA835,CUE,PTY,2026-03-23,04:10,1128.93
AV836,CUE,GYE,2026-02-23,15:10,383.52
LA837,MEC,MAD,2026-03-03,14:50,483.61
AA838,PTY,MIA,2026-03-22,02:30,1187.19
DL839,LIM,GPS,2026-03-24,19:30,890.23
DL840,MIA,MAD,2026-02-19,15:30,781.44
IB841,UIO,MAD,2026-02-22,19:00,461.45
LA842,UIO,PTY,2026-03-14,04:30,1148.61
DL843,AMS,BOG,2026-03-18,14:40,836.67
EQ844,GPS,BOG,2026-02-17,10:20,392.35
EQ845,MIA,GPS,2026-03-12,02:10,1190.57
EQ846,MAD,CUE,2026-02-10,19:00,471.19
AV847,MAD,AMS,2026-02-15,02:00,744.35
IB848,BOG,PTY,2026-02-22,05:30,320.53
AV849,MIA,BOG,2026-02-17,07:00,694.35
AA850,CUE,GYE,2026-03-03,11:40,492.52
IB851,UIO,GPS,2026-02-07,07:20,895.21
KL852,GPS,GYE,2026-02-19,09:40,826.32
KL853,PTY,GPS,2026-02-03,12:30,597.30
IB854,PTY,UIO,2026-03-08,09:00,336.11
AA855,CUE,GYE,2026-02-03,20:00,110.30
AA856,LIM,MIA,2026-03-25,10:50,714.91
KL857,PTY,GPS,2026-03-08,16:00,660.63
LA858,MIA,MEC,2026-03-25,23:50,512.44
EQ859,GYE,GPS,2026-02-20,09:50,558.39
AV860,MEC,UIO,2026-02-26,02:40,82.33
EQ861,AMS,MIA,2026-02-05,13:10,462.69
KL862,GYE,MIA,2026-03-08,10:00,181.53
EQ863,LIM,GPS,2026-02-13,17:50,342.59
DL864,CUE,MIA,2026-02-27,20:20,611.29
DL865,GPS,LIM,2026-02-06,05:20,1094.27
AA866,MIA,UIO,2026-03-01,17:20,529.60
IB867,CUE,GPS,2026-02-12,05:10,951.75
CM868,CUE,MEC,2026-03-16,06:10,1194.17
AV869,BOG,GPS,2026-03-30,02:10,1098.43
IB870,LIM,BOG,2026-02-25,03:40,345.52
AA871,BOG,GYE,2026-03-25,23:50,360.86
LA872,BOG,CUE,2026-02-07,19:50,134.29
EQ873,MEC,UIO,2026-02-27,22:50,343.63
EQ874,PTY,MIA,2026-02-17,11:00,1019.42
AV875,MEC,BOG,2026-02-23,09:50,253.36
KL876,LIM,BOG,2026-03-11,16:40,146.36
EQ877,MEC,MIA,2026-03-03,23:50,882.61
IB878,UIO,MIA,2026-02-11,23:50,822.29
AA879,PTY,MAD,2026-02-21,11:00,506.52
DL880,AMS,LIM,2026-03-15,18:30,777.29
DL881,AMS,MIA,2026-03-30,01:50,542.41
AV882,MIA,BOG,2026-03-05,17:20,635.05
LA883,BOG,MEC,2026-02-26,15:30,979.23
IB884,LIM,AMS,2026-02-15,02:20,594.20
DL885,MEC,CUE,2026-03-02,13:10,794.08
LA886,GPS,BOG,2026-03-12,14:00,945.22
CM887,UIO,PTY,2026-02-04,13:40,1144.53
LA888,GYE,MIA,2026-02-03,23:30,155.86
AV889,GYE,LIM,2026-03-21,19:10,410.22
LA890,UIO,BOG,2026-03-29,04:10,780.92
CM891,MEC,UIO,2026-02-19,09:20,943.66
AA892,UIO,PTY,2026-02-14,02:40,1127.21
AA893,MIA,LIM,2026-03-05,07:50,1010.44
EQ894,MAD,BOG,2026-03-19,06:20,907.16
CM895,CUE,MIA,2026-02-20,02:10,357.19
IB896,MAD,GYE,2026-02-09,01:00,261.11
AV897,MIA,GPS,2026-03-06,08:50,932.55
EQ898,LIM,GYE,2026-03-27,00:10,1097.83
DL899,GPS,GYE,2026-02-25,23:40,411.26
IB900,MEC,LIM,2026-02-08,08:10,988.39
AV901,MEC,GYE,2026-02-07,03:10,709.07
DL902,MIA,CUE,2026-03-13,16:30,896.66
DL903,MIA,MAD,2026-02-02,12:20,927.33
CM904,MAD,PTY,2026-02-18,22:10,402.70
DL905,MAD,LIM,2026-03-27,05:20,91.45
AV906,GPS,CUE,2026-03-09,11:20,925.72
LA907,GPS,CUE,2026-03-10,07:30,711.84
CM908,MAD,MIA,2026-03-24,13:50,265.73
AV909,MEC,UIO,2026-03-12,19:10,1173.49
CM910,AMS,UIO,2026-02-26,22:30,388.07
AV911,PTY,UIO,2026-03-14,02:00,415.50
IB912,UIO,MAD,2026-02-21,16:20,241.54
KL913,PTY,AMS,2026-03-19,20:40,151.31
CM914,BOG,AMS,2026-02-13,14:30,780.48
LA915,UIO,MEC,2026-03-23,11:40,359.81
KL916,PTY,GYE,2026-03-25,13:30,124.49
CM917,GPS,MIA,2026-03-16,12:20,479.99
AV918,GYE,CUE,2026-03-20,08:40,1157.93
EQ919,MEC,CUE,2026-02-16,10:20,86.22
CM920,BOG,UIO,2026-02-20,04:50,538.60
EQ921,GYE,UIO,2026-02-11,07:10,74.46
AV922,BOG,AMS,2026-02-09,11:20,194.64
CM923,AMS,CUE,2026-02-14,18:30,685.03
CM924,AMS,CUE,2026-03-20,10:10,1090.24
CM925,MEC,GPS,2026-03-01,00:40,459.51
EQ926,LIM,AMS,2026-02-13,19:30,1025.21
AA927,CUE,MAD,2026-02-19,04:00,512.51
EQ928,UIO,MIA,2026-03-29,17:50,61.33
DL929,MEC,CUE,2026-02-16,17:10,696.91
EQ930,PTY,BOG,2026-03-27,05:10,1103.87
DL931,MIA,LIM,2026-03-07,14:50,1150.82
AA932,MEC,CUE,2026-03-25,06:00,732.48
LA933,MEC,UIO,2026-03-06,20:20,669.35
CM934,GPS,CUE,2026-03-04,19:30,57.64
AA935,BOG,PTY,2026-03-14,03:00,732.90
DL936,MEC,GYE,2026-02-13,21:30,1183.35
EQ937,AMS,BOG,2026-02-05,22:30,228.44
LA938,BOG,MEC,2026-02-21,17:30,465.13
CM939,BOG,CUE,2026-02-03,04:50,360.19
LA940,MEC,AMS,2026-03-02,12:50,633.74
LA941,CUE,MIA,2026-03-10,15:00,454.03
CM942,BOG,CUE,2026-03-12,13:50,435.05
IB943,MAD,AMS,2026-03-25,02:40,248.80
AA944,GYE,LIM,2026-02-11,09:30,464.76
IB945,LIM,GYE,2026-02-04,11:20,774.92
IB946,MAD,UIO,2026-03-15,05:00,550.47
IB947,LIM,MIA,2026-02-23,05:00,460.05
AA948,AMS,MEC,2026-03-31,09:00,1055.50
AV949,UIO,MAD,2026-03-04,03:20,1174.24
EQ950,MIA,GYE,2026-03-24,05:40,905.35
DL951,GYE,MAD,2026-03-04,05:40,815.65
CM952,MIA,CUE,2026-02-06,02:30,843.03
LA953,GPS,AMS,2026-03-03,00:20,976.76
EQ954,MEC,UIO,2026-03-17,14:10,52.08
IB955,CUE,GYE,2026-02-02,09:40,779.73
AV956,MAD,PTY,2026-03-20,02:10,748.31
EQ957,LIM,GPS,2026-03-31,00:30,257.04
AV958,GPS,LIM,2026-03-21,18:00,627.57
KL959,UIO,CUE,2026-03-16,11:00,487.74
IB960,MAD,LIM,2026-03-07,12:20,517.53
AA961,MEC,GYE,2026-02-25,20:40,1195.40
DL962,AMS,GYE,2026-03-28,11:50,567.21
EQ963,GPS,MAD,2026-02-08,13:10,319.56
CM964,LIM,MIA,2026-03-02,12:00,728.54
KL965,CUE,UIO,2026-02-08,02:10,718.19
EQ966,PTY,MAD,2026-03-24,19:00,360.06
IB967,LIM,AMS,2026-02-28,19:00,622.41
KL968,PTY,AMS,2026-03-04,12:30,142.83
KL969,AMS,CUE,2026-03-31,01:00,242.81
KL970,MIA,GYE,2026-02-23,05:10,463.16
LA971,GPS,LIM,2026-02-05,14:10,930.41
KL972,MIA,BOG,2026-02-25,15:00,305.63
DL973,MIA,LIM,2026-03-29,21:50,220.58
EQ974,AMS,MAD,2026-02-09,11:10,1183.46
LA975,MIA,GYE,2026-02-08,10:00,359.57
AV976,MIA,PTY,2026-03-10,17:50,989.14
EQ977,UIO,MAD,2026-02-11,18:20,181.20
EQ978,MAD,AMS,2026-02-23,13:10,1120.55
LA979,BOG,MIA,2026-02-08,06:20,807.67
KL980,MAD,BOG,2026-03-31,11:30,665.07
CM981,AMS,LIM,2026-03-19,22:50,229.36
DL982,GPS,GYE,2026-02-21,05:20,580.34
AV983,PTY,LIM,2026-03-08,17:40,240.13
AA984,PTY,MEC,2026-03-19,08:10,257.84
DL985,MIA,MEC,2026-03-12,12:00,1084.21
AA986,GPS,LIM,2026-03-14,00:30,954.28
CM987,GPS,CUE,2026-03-09,10:50,1180.35
LA988,AMS,GYE,2026-03-17,19:10,328.11
EQ989,CUE,UIO,2026-03-19,23:20,1097.21
CM990,LIM,MAD,2026-02-16,12:20,158.13
AV991,UIO,LIM,2026-03-31,02:40,548.80
LA992,UIO,MEC,2026-03-06,22:20,1163.78
AA993,GPS,BOG,2026-02-01,01:40,1179.98
KL994,PTY,LIM,2026-02-06,07:30,1042.04
LA995,MIA,AMS,2026-02-18,20:00,731.83
IB996,GPS,CUE,2026-02-19,01:50,1084.79
AV997,LIM,GYE,2026-02-04,07:10,1126.73
IB998,AMS,CUE,2026-02-18,04:00,766.97
DL999,GPS,PTY,2026-03-22,23:50,871.85
CM1000,LIM,AMS,2026-02-18,15:20,615.91
AV1001,MEC,LIM,2026-03-27,09:50,279.17
AA1002,MAD,MIA,2026-03-21,04:10,1047.35
KL1003,LIM,UIO,2026-02-24,10:50,1180.68
EQ1004,LIM,BOG,2026-02-13,20:50,874.99
IB1005,AMS,GPS,2026-02-27,12:50,893.95
LA1006,BOG,UIO,2026-02-25,23:00,316.34
AA1007,AMS,MIA,2026-03-02,10:50,1047.58
IB1008,MAD,MIA,2026-02-11,00:40,1155.43
CM1009,MIA,MAD,2026-02-12,04:50,552.70
KL1010,MIA,AMS,2026-03-23,05:10,64.68
AV1011,MEC,PTY,2026-03-31,19:30,220.31
AA1012,MIA,GYE,2026-03-21,08:10,449.57
DL1013,MEC,PTY,2026-02-25,04:50,68.39
KL1014,LIM,UIO,2026-03-28,21:30,741.03
IB1015,AMS,BOG,2026-02-18,16:10,1093.03
AA1016,AMS,GYE,2026-03-05,01:50,346.77
AV1017,LIM,MEC,2026-03-09,08:10,704.76
LA1018,CUE,PTY,2026-03-12,20:40,744.88
IB1019,AMS,BOG,2026-02-27,18:30,563.26
DL1020,CUE,PTY,2026-02-01,11:10,594.33
EQ1021,GPS,BOG,2026-03-19,10:10,1079.89
KL1022,MAD,UIO,2026-02-06,14:40,922.43
AV1023,CUE,MEC,2026-02-09,03:40,653.59
LA1024,BOG,GYE,2026-02-22,13:20,86.77
KL1025,UIO,BOG,2026-03-25,00:50,1100.45
LA1026,GYE,CUE,2026-02-06,17:50,424.39
IB1027,PTY,GYE,2026-03-30,03:40,442.50
IB1028,GYE,AMS,2026-02-07,18:10,615.04
LA1029,CUE,PTY,2026-02-16,04:20,300.07
AA1030,GPS,CUE,2026-03-26,18:50,955.58
CM1031,GYE,CUE,2026-02-28,14:40,757.41
IB1032,MIA,LIM,2026-02-20,00:40,981.14
KL1033,GYE,MIA,2026-02-12,01:10,477.15
AA1034,PTY,MEC,2026-02-26,08:20,1044.50
AV1035,MIA,BOG,2026-03-24,13:50,605.16
EQ1036,LIM,MIA,2026-02-10,06:50,200.18
EQ1037,LIM,MEC,2026-03-27,22:10,418.73
LA1038,BOG,MAD,2026-03-10,23:00,143.39
KL1039,AMS,LIM,2026-02-10,02:20,995.34
IB1040,GYE,LIM,2026-02-26,11:50,1196.93
KL1041,GYE,UIO,2026-02-15,23:00,812.48
KL1042,MAD,GYE,2026-03-31,06:50,387.73
DL1043,GPS,MIA,2026-03-07,02:20,327.03
IB1044,GYE,MEC,2026-03-16,20:20,1193.15
AA1045,GPS,MIA,2026-03-25,03:20,1099.83
IB1046,LIM,CUE,2026-03-29,11:00,1178.23
AA1047,AMS,GYE,2026-02-13,11:30,1168.16
KL1048,BOG,AMS,2026-03-09,07:20,558.03
KL1049,AMS,PTY,2026-03-13,04:40,890.58
CM1050,GPS,PTY,2026-03-06,23:30,1121.53
DL1051,MAD,MEC,2026-03-25,03:20,784.55
EQ1052,CUE,UIO,2026-03-15,07:20,122.19
LA1053,AMS,MIA,2026-03-04,17:50,783.14
AV1054,BOG,GYE,2026-02-10,03:30,190.30
IB1055,MEC,CUE,2026-03-12,10:40,779.59
LA1056,LIM,GYE,2026-03-12,13:40,733.43
IB1057,GPS,GYE,2026-03-15,01:30,140.51
CM1058,PTY,GYE,2026-02-09,21:40,778.27
AA1059,AMS,LIM,2026-02-20,05:10,688.79
EQ1060,AMS,CUE,2026-02-23,23:20,1162.65
CM1061,BOG,MEC,2026-02-04,04:00,175.98
AA1062,PTY,LIM,2026-03-11,19:10,744.87
AA1063,GPS,GYE,2026-02-20,12:20,784.19
IB1064,CUE,MIA,2026-02-10,01:30,1122.02
AA1065,AMS,GYE,2026-03-18,05:40,661.45
LA1066,GYE,PTY,2026-02-15,01:50,965.30
DL1067,GPS,AMS,2026-02-15,04:10,136.73
IB1068,GPS,AMS,2026-03-25,09:40,387.90
AV1069,LIM,GPS,2026-02-26,13:10,1053.43
DL1070,MEC,UIO,2026-03-15,19:20,820.28
IB1071,GPS,MAD,2026-02-08,09:00,613.06
AV1072,MAD,GYE,2026-03-19,06:50,856.23
KL1073,GPS,MEC,2026-02-14,09:50,704.58
AA1074,GYE,MAD,2026-02-15,04:40,1147.04
EQ1075,GPS,MIA,2026-03-11,05:40,223.19
DL1076,CUE,UIO,2026-02-27,23:10,938.37
AA1077,MAD,MIA,2026-03-04,15:10,858.37
DL1078,LIM,PTY,2026-03-23,01:00,853.33
AA1079,UIO,LIM,2026-02-28,23:00,71.33
CM1080,MEC,UIO,2026-02-20,22:00,340.67
LA1081,MEC,BOG,2026-02-13,01:00,258.14
LA1082,GPS,PTY,2026-02-24,15:20,150.48
EQ1083,BOG,MEC,2026-03-21,13:30,814.89
IB1084,MEC,PTY,2026-02-02,17:10,674.81
KL1085,AMS,MEC,2026-02-20,00:50,131.02
CM1086,PTY,MAD,2026-02-18,07:20,113.99
IB1087,GYE,UIO,2026-03-16,12:50,125.66
CM1088,CUE,MAD,2026-03-22,13:00,534.43
EQ1089,CUE,LIM,2026-02-03,04:20,933.69
CM1090,BOG,GPS,2026-03-30,13:40,1039.10
DL1091,PTY,UIO,2026-03-16,05:50,570.58
EQ1092,MIA,BOG,2026-03-01,18:10,1035.33
AA1093,UIO,CUE,2026-02-28,03:00,117.05
EQ1094,PTY,GPS,2026-02-26,10:30,1099.43
AA1095,AMS,UIO,2026-03-22,17:20,80.68
EQ1096,CUE,GPS,2026-03-11,09:00,161.11
DL1097,AMS,BOG,2026-02-22,03:50,755.36
EQ1098,MIA,AMS,2026-02-15,17:10,1118.07
AV1099,GYE,UIO,2026-03-28,03:30,459.67
EQ1100,CUE,MAD,2026-03-12,02:00,132.29
